user, password
0.3780362633676292@email.com, user123  
0.5873372625645762@email.com, user123  
0.9318640579208712@email.com, user123  
0.7530514231898541@email.com, user123